neurons,layers,dropout_rate,learning_rate,run_time,val_loss,val_accuracy,val_f1,train_loss,train_accuracy,train_f1
24.0,34.0,0.39360912031266193,7.0624569354211735e-06,355.0394975139998,0.10293134886260126,0.9957107831450069,0.965686207892848,0.02649067663678936,0.9957107831450069,0.9957107328901104
92.0,24.0,0.8177345579558386,0.0002647717953476974,203.66620276799995,0.10851960388176582,0.9957107843137255,0.9632352403565949,0.03279194714245843,0.9957107843137255,0.9957107375649845
83.0,50.0,0.2836297915278657,1.0694650823358495e-06,325.2948719199999,0.12675096284525067,0.9895833321646148,0.9607842471085343,0.045564556165653115,0.9895833321646148,0.9895832819097182
34.0,9.0,0.08733501184011272,0.00108442470006561,250.38750805700056,0.11192983841779185,0.9895833333333334,0.9632352403565949,0.049149997021053354,0.9895833333333334,0.9895832772348442
43.0,35.0,0.5359415441003286,0.005512770228072072,330.1180655340004,0.12108830479430217,0.9944852941176471,0.9583332760661256,0.03485162439299565,0.9944852941176471,0.9944852473689061
12.0,49.0,0.6979662802314321,0.004068956429494005,304.22638755499975,0.11823888049990523,0.9950980392156863,0.9607842471085343,0.03760105521217281,0.9950980392156863,0.9950979924669453
